predictor,r squared
Breed,0.813771459
Age,0.792871677
Color,0.789129
